{
    "BELCONNEN": [
        797.9735178209729,
        637.4184601055155
    ],
    "CONDER": [
        798.5289456035495,
        642.6532121474906
    ],
    "CURTIN": [
        798.2514645442513,
        639.4895600754219
    ],
    "FRANKLIN": [
        799.4856739322645,
        636.5341894628672
    ],
    "KALEEN": [
        798.7989986625104,
        637.1110644297376
    ],
    "MACQUARIE": [
        797.8174035001798,
        637.6577779317204
    ],
    "MANUKA": [
        799.2126364762136,
        639.3401473492256
    ],
    "WODEN": [
        798.4953310741048,
        639.9823252727565
    ],
    "TOPLEFT": [
        94.26410506640197,
        23.839379163285955
    ],
    "BOTTOMRIGHT": [
        890.0000150822337,
        850.0002002500039
    ],
    "CANBERRA CIVIC": [
        799.2294757906838,
        638.3852552051679
    ],
    "TUGGERANONG": [
        798.3778366992274,
        641.8699795515017
    ],
    "JUNCTION": [
        798.3703182054851,
        641.0934624824325
    ],
    "BEN BUCKLER": [
        839.7473229246144,
        605.2866376874433
    ],
    "CANTERBURY": [
        836.5522421054459,
        605.8737921545189
    ],
    "GYMEA BAY": [
        836.0514516014916,
        609.0791057631334
    ],
    "HAMILTON SOUTH": [
        848.6162912277742,
        582.439726151108
    ],
    "HECKENBERG": [
        832.3929125785409,
        605.7011647314308
    ],
    "THE JUNCTION": [
        848.7106475701289,
        582.6137600920814
    ],
    "ILLAWONG": [
        835.1018628253851,
        607.9213603650272
    ],
    "LAKEMBA": [
        835.8643885361462,
        606.0075686929031
    ],
    "MENAI": [
        834.6826653231046,
        608.242666264297
    ],
    "TEMPE": [
        837.4342077992942,
        606.1269153113565
    ],
    "BAINES": [
        427.65928231019166,
        160.06068879270282
    ],
    "CASUARINA": [
        455.16288260048225,
        92.33076883380737
    ],
    "DARWIN CITY": [
        454.42139283585396,
        94.50449216290477
    ],
    "ILPARPA": [
        510.66292723288035,
        363.64673865944116
    ],
    "COSTELLO": [
        570.4332576185404,
        301.62620854663646
    ],
    "SEASWIFT": [
        454.36995110559945,
        93.84076829251536
    ],
    "BONOGIN": [
        878.6577903764327,
        467.9697507504467
    ],
    "BRISBANE": [
        872.6063021920501,
        452.2539730975057
    ],
    "HERSTON": [
        872.5829567788072,
        451.72270983690277
    ],
    "NEW FARM": [
        872.9857221869404,
        452.1755561495121
    ],
    "PETRIE TERRACE": [
        872.3648469343872,
        452.1242635413456
    ],
    "SEVENTEEN MILE ROCKS": [
        871.3425221986337,
        454.17416085011445
    ],
    "SHERWOOD": [
        871.7940503551738,
        453.72988952874783
    ],
    "ST LUCIA": [
        872.0555574431883,
        453.00829579113184
    ],
    "SUNNYBANK HILLS": [
        873.2188275427014,
        455.3293721320987
    ],
    "SURFERS PARADISE": [
        880.0847488320799,
        464.8423391612441
    ],
    "BAROSSA GOLDFIELDS": [
        604.941609278624,
        623.5738757042055
    ],
    "BIGGS FLAT": [
        603.9632153204993,
        633.4562634639381
    ],
    "EDEN HILLS": [
        600.6272381548324,
        632.3653062100218
    ],
    "LIGHT PASS": [
        608.6238896234652,
        619.1313532048273
    ],
    "OAKLANDS PARK": [
        599.5765192279421,
        632.0688503826767
    ],
    "ONKAPARINGA HILLS": [
        599.5824107256711,
        634.9891891641751
    ],
    "PALKAGEE": [
        541.9273165527944,
        593.8175380299718
    ],
    "ROSETOWN": [
        624.4455944412642,
        675.2250124314867
    ],
    "SEACLIFF PARK": [
        599.322413746355,
        632.6423616262656
    ],
    "STIRLING": [
        602.8281037522138,
        631.8646931196736
    ],
    "BURNIE": [
        738.3546960188407,
        776.035231800598
    ],
    "DEVONPORT": [
        746.6534974260641,
        779.0096690742477
    ],
    "BRIDGEWATER": [
        763.5357472463272,
        816.1406875474506
    ],
    "HOBART": [
        765.1394544044149,
        819.6686921178624
    ],
    "LAUNCESTON": [
        761.7151820692571,
        785.1164121425545
    ],
    "ROSNY": [
        765.7091914566769,
        819.4429555330001
    ],
    "SORELL": [
        769.6105770733938,
        817.2582899715414
    ],
    "SOUTH LAUNCESTON": [
        761.737501890575,
        785.6318818760564
    ],
    "ULVERSTONE": [
        743.6753142167424,
        778.8476739728002
    ],
    "WEST LAUNCESTON": [
        761.4345111174281,
        785.5402388920846
    ],
    "BELMONT": [
        708.8950958590368,
        707.4517605032389
    ],
    "BRAYBROOK": [
        718.6300313761308,
        698.1669378268612
    ],
    "BRUNSWICK": [
        720.5786899681536,
        697.717200157171
    ],
    "EAST MELBOURNE": [
        720.9816891509168,
        698.7492243116967
    ],
    "SOUTH MELBOURNE": [
        720.4618026532021,
        699.3217486088373
    ],
    "SWAN HILL": [
        693.8459935697146,
        639.8648643418408
    ],
    "YARRA JUNCTION": [
        732.8716138795528,
        698.0635635301551
    ],
    "YARRAGON": [
        741.315010551209,
        708.1280977399515
    ],
    "YARRAVILLE WEST": [
        718.7252983083745,
        698.9460652977682
    ],
    "ALBANY": [
        210.08004408587894,
        632.4092944608999
    ],
    "BUSSELTON": [
        162.308194694697,
        599.7009093706065
    ],
    "COTTESLOE": [
        170.0336298870568,
        559.988813765533
    ],
    "GERALDTON": [
        148.35403055762313,
        483.355561691445
    ],
    "KALAMUNDA": [
        175.70222539212756,
        559.5992917488303
    ],
    "KARRATHA": [
        190.50792870085607,
        291.6939299287654
    ],
    "MOUNT MELVILLE": [
        209.81598432972817,
        632.0913522849114
    ],
    "NORTH PERTH": [
        171.78121778873253,
        558.5040410394714
    ],
    "PERTH": [
        171.94744286226916,
        559.0983043816888
    ],
    "ROCKINGHAM": [
        169.56880297052209,
        566.8647766974063
    ],
    "SERPENTINE": [
        174.1239072900148,
        568.8575622282498
    ],
    "SOUTH HEDLAND": [
        223.51397671913094,
        283.87244846016443
    ],
    "GIBSON DESERT SOUTH": [
        354.90394010658395,
        392.6304188450398
    ],
    "GASCOYNE RIVER": [
        192.23285931622388,
        397.45861808425815
    ],
    "WA": [
        281.69512602350517,
        417.75240881963845
    ],
    "SA": [
        528.5857022750021,
        504.8008376283781
    ],
    "NT": [
        510.3588807033403,
        271.21319151108264
    ],
    "QLD": [
        712.5108974861389,
        362.62902522841546
    ],
    "NSW": [
        732.3947023228758,
        571.1939362391647
    ],
    "VIC": [
        705.137153601116,
        679.9055940427588
    ],
    "TAS": [
        750.2634226376709,
        808.3835530801339
    ],
    "ACT": [
        796.0940527488431,
        645.3610713711769
    ]
}